drop DATABASE if EXISTS legacy_inmobiliaria;

-- Crear base de datos
CREATE DATABASE IF NOT EXISTS Legacy_Inmobiliaria;
USE Legacy_Inmobiliaria;

-- Crear tabla Propiedades
CREATE TABLE Propiedades (
    ID_Propiedad INT AUTO_INCREMENT PRIMARY KEY,
    Direccion VARCHAR(255) NOT NULL,
    ID_Propietario INT NOT NULL
);

-- Crear tabla Publicaciones/Alquileres
CREATE TABLE Publicaciones_Alquileres (
    Publicacion INT AUTO_INCREMENT PRIMARY KEY,
    ID_Propiedad INT,
    Fecha_Publicacion DATE,
    Fecha_Alquiler DATE,
    Valor_Alquiler_Pretendido DECIMAL(10, 2),
    ID_Vendedor INT,
    ID_Contrato INT,
    FOREIGN KEY (ID_Propiedad) REFERENCES Propiedades(ID_Propiedad)
);

-- Crear tabla Inquilinos
CREATE TABLE Inquilinos (
    ID_Inquilino INT AUTO_INCREMENT PRIMARY KEY,
    Nombre VARCHAR(255),
    Fecha_Alta DATE,
    Telefono VARCHAR(15),
    valoracion_res DECIMAL(2, 1) CHECK (valoracion_res IN (0, 0.5, 1)),
    res_asian TINYINT(1) CHECK (res_asian IN (0, 1)),
    res_latin TINYINT(1) CHECK (res_latin IN (0, 1)),
    res_north TINYINT(1) CHECK (res_north IN (0, 1)),
    res_veg TINYINT(1) CHECK (res_veg IN (0, 1)),
    valoracion_rel DECIMAL(2, 1) CHECK (valoracion_rel IN (0, 0.5, 1)),
    religion TINYINT(1) CHECK (religion IN (0, 1, 2, 3, 4, 5)),
    valoracion_rec DECIMAL(2, 1) CHECK (valoracion_rec IN (0, 0.5, 1)),
    recreation TINYINT(1) CHECK (recreation IN (0, 1, 2, 3))
);

-- Crear tabla Contratos
CREATE TABLE Contratos (
    ID_Contrato INT AUTO_INCREMENT PRIMARY KEY,
    Fecha_Alquiler DATE,
    ID_Inquilino INT,
    ID_Propiedad INT,
    Valor_Alquiler DECIMAL(10, 2),
    Fecha_Finalizacion DATE,
    ID_Contrato_Nuevo INT,
    Satisfaccion_Propiedad DECIMAL(2, 1),
    Satisfaccion_Barrio DECIMAL(2, 1),
    Satisfaccion_Vendedor DECIMAL(2, 1),
    Satisfaccion_General DECIMAL(2, 1),
    FOREIGN KEY (ID_Inquilino) REFERENCES Inquilinos(ID_Inquilino),
    FOREIGN KEY (ID_Propiedad) REFERENCES Propiedades(ID_Propiedad)
);

INSERT INTO Propiedades (ID_Propiedad, Direccion, ID_Propietario)
VALUES
    (1, '123 Main St, Los Angeles, CA', 1),
    (2, '456 Elm St, Los Angeles, CA', 2),
    (3, '789 Oak St, Los Angeles, CA', 3),
    (4, '101 Maple Ave, Los Angeles, CA', 4),
    (5, '202 Pine St, Los Angeles, CA', 5),
    (6, '303 Cedar St, Los Angeles, CA', 6),
    (7, '404 Birch St, Los Angeles, CA', 7),
    (8, '505 Walnut St, Los Angeles, CA', 8),
    (9, '606 Chestnut St, Los Angeles, CA', 9),
    (10, '707 Willow St, Los Angeles, CA', 10),
    (11, '808 Sycamore St, Los Angeles, CA', 11),
    (12, '909 Spruce St, Los Angeles, CA', 12),
    (13, '1010 Redwood St, Los Angeles, CA', 13),
    (14, '1111 Palm St, Los Angeles, CA', 14),
    (15, '1212 Sequoia St, Los Angeles, CA', 15),
    (16, '1313 Poplar St, Los Angeles, CA', 16),
    (17, '1414 Aspen St, Los Angeles, CA', 17),
    (18, '1515 Alder St, Los Angeles, CA', 18),
    (19, '1616 Hickory St, Los Angeles, CA', 19),
    (20, '1717 Cypress St, Los Angeles, CA', 20),
    (21, '1818 Fir St, Los Angeles, CA', 21),
    (22, '1919 Juniper St, Los Angeles, CA', 22),
    (23, '2020 Cedar St, Los Angeles, CA', 23),
    (24, '2121 Maple St, Los Angeles, CA', 24),
    (25, '2222 Ash St, Los Angeles, CA', 25),
    (26, '2323 Elm St, Los Angeles, CA', 26),
    (27, '2424 Oak St, Los Angeles, CA', 27),
    (28, '2525 Pine St, Los Angeles, CA', 28),
    (29, '2626 Redwood St, Los Angeles, CA', 29),
    (30, '2727 Birch St, Los Angeles, CA', 30),
    (31, '2828 Palm St, Los Angeles, CA', 31),
    (32, '2929 Sequoia St, Los Angeles, CA', 32),
    (33, '3030 Poplar St, Los Angeles, CA', 33),
    (34, '3131 Aspen St, Los Angeles, CA', 34),
    (35, '3232 Alder St, Los Angeles, CA', 35),
    (36, '3333 Hickory St, Los Angeles, CA', 36),
    (37, '3434 Cypress St, Los Angeles, CA', 37),
    (38, '3535 Fir St, Los Angeles, CA', 38),
    (39, '3636 Juniper St, Los Angeles, CA', 39),
    (40, '3737 Cedar St, Los Angeles, CA', 40),
    (41, '3838 Maple St, Los Angeles, CA', 41),
    (42, '3939 Ash St, Los Angeles, CA', 42),
    (43, '4040 Elm St, Los Angeles, CA', 43),
    (44, '4141 Oak St, Los Angeles, CA', 44),
    (45, '4242 Pine St, Los Angeles, CA', 45),
    (46, '4343 Redwood St, Los Angeles, CA', 46),
    (47, '4444 Birch St, Los Angeles, CA', 47),
    (48, '4545 Palm St, Los Angeles, CA', 48),
    (49, '4646 Sequoia St, Los Angeles, CA', 49),
    (50, '4747 Poplar St, Los Angeles, CA', 50);

INSERT INTO Inquilinos (ID_Inquilino, Nombre, Telefono, valoracion_res, res_asian, res_latin, res_north, res_veg, valoracion_rel, religion, valoracion_rec, recreation, Fecha_Alta)
VALUES
    (1, 'Inquilino 1', '555-0001',1,0,1,0,1, 0.5,1,1,2,'2022-12-8'),
    (2, 'Inquilino 2', '555-0002', 0.5,1,0,1,0,1,2, 0.5,3,'2022-1-22'),
    (3, 'Inquilino 3', '555-0003',1,0,1,0,1, 0.5,3,1,2,'2021-2-23'),
    (4, 'Inquilino 4', '555-0004',0,1,0,1,0,1,4,0,1,'2023-4-1'),
    (5, 'Inquilino 5', '555-0005',1,0,1,0,1, 0.5,0,1,2,'2022-4-20'),
    (6, 'Inquilino 6', '555-0006', 0.5,1,0,1,0,1,1, 0.5,3,'2023-5-25'),
    (7, 'Inquilino 7', '555-0007',1,0,1,0,1, 0.5,2,1,2,'2020-7-2'),
    (8, 'Inquilino 8', '555-0008',0,1,0,1,0,1,3,0,1,'2023-7-15'),
    (9, 'Inquilino 9', '555-0009',1,0,1,0,1, 0.5,4,1,2,'2020-8-23'),
    (10, 'Inquilino 10', '555-0010', 0.5,1,0,1,0,1,5, 0.5,3,'2023-9-15'),
    (11, 'Inquilino 11', '555-0011',1,0,1,0,1, 0.5,0,1,2,'2021-10-26'),
    (12, 'Inquilino 12', '555-0012',0,1,0,1,0,1,1,0,1,'2020-11-20'),
    (13, 'Inquilino 13', '555-0013',1,0,1,0,1, 0.5,2,1,2,'2022-12-15'),
    (14, 'Inquilino 14', '555-0014', 0.5,1,0,1,0,1,3, 0.5,3,'2021-1-15'),
    (15, 'Inquilino 15', '555-0015',1,0,1,0,1, 0.5,4,1,2,'2020-2-7'),
    (16, 'Inquilino 16', '555-0016',0,1,0,1,0,1,5,0,1,'2023-3-20'),
    (17, 'Inquilino 17', '555-0017',1,0,1,0,1, 0.5,0,1,2,'2020-4-7'),
    (18, 'Inquilino 18', '555-0018', 0.5,1,0,1,0,1,1, 0.5,3,'2023-5-8'),
    (19, 'Inquilino 19', '555-0019',1,0,1,0,1, 0.5,2,1,2,'2020-6-10'),
    (20, 'Inquilino 20', '555-0020',0,1,0,1,0,1,3,0,1,'2023-7-16'),
    (21, 'Inquilino 21', '555-0021',1,0,1,0,1, 0.5,4,1,2,'2020-8-19'),
    (22, 'Inquilino 22', '555-0022', 0.5,1,0,1,0,1,5, 0.5,3,'2023-9-10'),
    (23, 'Inquilino 23', '555-0023',1,0,1,0,1, 0.5,0,1,2,'2020-10-12'),
    (24, 'Inquilino 24', '555-0024',0,1,0,1,0,1,1,0,1,'2023-11-14'),
    (25, 'Inquilino 25', '555-0025',1,0,1,0,1, 0.5,2,1,2,'2019-12-11'),
    (26, 'Inquilino 26', '555-0026', 0.5,1,0,1,0,1,3, 0.5,3,'2023-1-18'),
    (27, 'Inquilino 27', '555-0027',1,0,1,0,1, 0.5,4,1,2,'2020-2-5'),
    (28, 'Inquilino 28', '555-0028',0,1,0,1,0,1,5,0,1,'2023-3-7'),
    (29, 'Inquilino 29', '555-0029',1,0,1,0,1, 0.5,0,1,2,'2020-4-18'),
    (30, 'Inquilino 30', '555-0030', 0.5,1,0,1,0,1,1, 0.5,3,'2023-5-11'),
    (31, 'Inquilino 31', '555-0031',1,0,1,0,1, 0.5,2,1,2,'2020-6-6'),
    (32, 'Inquilino 32', '555-0032',0,1,0,1,0,1,3,0,1,'2023-7-18'),
    (33, 'Inquilino 33', '555-0033',1,0,1,0,1, 0.5,4,1,2,'2020-8-17'),
    (34, 'Inquilino 34', '555-0034', 0.5,1,0,1,0,1,5, 0.5,3,'2020-8-17'),
    (35, 'Inquilino 35', '555-0035',1,0,1,0,1, 0.5,0,1,2,'2023-5-11'),
    (36, 'Inquilino 36', '555-0036',0,1,0,1,0,1,1,0,1,'2023-11-14'),
    (37, 'Inquilino 37', '555-0037',1,0,1,0,1, 0.5,2,1,2,'2023-9-10'),
    (38, 'Inquilino 38', '555-0038', 0.5,1,0,1,0,1,3, 0.5,3,'2021-1-15'),
    (39, 'Inquilino 39', '555-0039',1,0,1,0,1, 0.5,4,1,2,'2022-12-15'),
    (40, 'Inquilino 40', '555-0040',0,1,0,1,0,1,5,0,1,'2023-9-15'),
    (41, 'Inquilino 41', '555-0041',1,0,1,0,1, 0.5,0,1,2,'2022-12-15'),
    (42, 'Inquilino 42', '555-0042', 0.5,1,0,1,0,1,1, 0.5,3,'2021-2-21'),
    (43, 'Inquilino 43', '555-0043',1,0,1,0,1, 0.5,2,1,2,'2022-12-21'),
    (44, 'Inquilino 44', '555-0044',0,1,0,1,0,1,3,0,1,'2021-1-15'),
    (45, 'Inquilino 45', '555-0045',1,0,1,0,1, 0.5,4,1,2,'2020-2-7'),
    (46, 'Inquilino 46', '555-0046', 0.5,1,0,1,0,1,5, 0.5,3,'2020-4-7'),
    (47, 'Inquilino 47', '555-0047',1,0,1,0,1, 0.5,0,1,2,'2023-7-16'),
    (48, 'Inquilino 48', '555-0048',0,1,0,1,0,1,1,0,1,'2023-5-8'),
    (49, 'Inquilino 49', '555-0049',1,0,1,0,1, 0.5,2,1,2,'2022-12-15'),
    (50, 'Inquilino 50', '555-0050', 0.5,1,0,1,0,1,3, 0.5,3,'2019-12-11'),
    (51, 'Inquilino 51', '555-0051',1,0,1,0,1, 0.5,4,1,2,'2020-2-5'),
    (52, 'Inquilino 52', '555-0052',0,1,0,1,0,1,5,0,1,'2023-3-7'),
    (53, 'Inquilino 53', '555-0053',1,0,1,0,1, 0.5,0,1,2,'2023-11-14'),
    (54, 'Inquilino 54', '555-0054', 0.5,1,0,1,0,1,1, 0.5,3,'2020-6-10'),
    (55, 'Inquilino 55', '555-0055',1,0,1,0,1, 0.5,2,1,2,'2022-1-24'),
    (56, 'Inquilino 56', '555-0056',0,1,0,1,0,1,3,0,1,'2022-1-24');

-- Insert sample data into Contratos
INSERT INTO Contratos (ID_Contrato, Fecha_Alquiler, ID_Inquilino, ID_Propiedad, Valor_Alquiler, Fecha_Finalizacion, ID_Contrato_Nuevo, Satisfaccion_Propiedad, Satisfaccion_Barrio, Satisfaccion_Vendedor, Satisfaccion_General)
VALUES
    (1, '2023-01-01', 1, 1, 1000, '2024-01-01', 2, 5, 4, 4, 4),
    (2, '2024-01-02', 1, 1, 1100, '2025-01-02', NULL, 4, 5, 3, 4),
    (3, '2022-02-15', 2, 2, 950, '2023-02-15', 4, 3, 4, 5, 4),
    (4, '2023-02-16', 2, 2, 1000, '2024-02-16', NULL, 4, 5, 4, 5),
    (5, '2021-03-10', 3, 3, 850, '2022-03-10', 6, 4, 3, 4, 3),
    (6, '2022-03-11', 3, 3, 900, '2023-03-11', NULL, 5, 4, 5, 4),
    (7, '2023-04-20', 4, 4, 1200, '2024-04-20', NULL, 5, 4, 3, 4),
    (8, '2021-05-05', 5, 5, 750, '2022-05-05', 9, 3, 3, 4, 3),
    (9, '2022-05-06', 5, 5, 800, '2023-05-06', NULL, 4, 4, 5, 4),
    (10, '2023-06-15', 6, 6, 1300, '2024-06-15', NULL, 5, 5, 5, 5),
    (11, '2020-07-25', 7, 7, 900, '2021-07-25', 12, 4, 4, 3, 4),
    (12, '2021-07-26', 7, 7, 950, '2022-07-26', 13, 3, 3, 4, 3),
    (13, '2022-07-27', 7, 7, 1000, '2023-07-27', NULL, 4, 4, 5, 4),
    (14, '2023-08-08', 8, 8, 1400, '2024-08-08', NULL, 5, 5, 5, 5),
    (15, '2020-09-15', 9, 9, 800, '2021-09-15', 16, 3, 3, 4, 3),
    (16, '2021-09-16', 9, 9, 850, '2022-09-16', 17, 4, 4, 3, 4),
    (17, '2022-09-17', 9, 9, 900, '2023-09-17', NULL, 5, 5, 5, 5),
    (18, '2023-10-10', 10, 10, 1500, '2024-10-10', NULL, 5, 5, 5, 5),
    (19, '2021-11-11', 11, 11, 950, '2022-11-11', 20, 4, 4, 3, 4),
    (20, '2022-11-12', 11, 11, 1000, '2023-11-12', 21, 3, 3, 4, 3),
    (21, '2023-11-13', 11, 11, 1050, '2024-11-13', NULL, 4, 4, 5, 4),
    (22, '2020-12-01', 12, 12, 1100, '2021-12-01', 23, 4, 4, 3, 4),
    (23, '2021-12-02', 12, 12, 1150, '2022-12-02', 24, 3, 3, 4, 3),
    (24, '2022-12-03', 12, 12, 1200, '2023-12-03', NULL, 4, 4, 5, 4),
    (25, '2023-01-01', 13, 13, 1300, '2024-01-01', NULL, 5, 5, 5, 5),
    (26, '2021-02-01', 14, 14, 1400, '2022-02-01', 27, 4, 4, 3, 4),
    (27, '2022-02-02', 14, 14, 1450, '2023-02-02', 28, 3, 3, 4, 3),
    (28, '2023-02-03', 14, 14, 1500, '2024-02-03', NULL, 4, 4, 5, 4),
    (29, '2020-03-03', 15, 15, 1600, '2021-03-03', 30, 4, 4, 3, 4),
    (30, '2021-03-04', 15, 15, 1650, '2022-03-04', 31, 3, 3, 4, 3),
    (31, '2022-03-05', 15, 15, 1700, '2023-03-05', NULL, 4, 4, 5, 4),
    (32, '2023-04-01', 16, 16, 1800, '2024-04-01', NULL, 5, 5, 5, 5),
    (33, '2020-05-02', 17, 17, 1900, '2021-05-02', 34, 4, 4, 3, 4),
    (34, '2021-05-03', 17, 17, 1950, '2022-05-03', 35, 3, 3, 4, 3),
    (35, '2022-05-04', 17, 17, 2000, '2023-05-04', NULL, 4, 4, 5, 4),
    (36, '2023-06-01', 18, 18, 2100, '2024-06-01', NULL, 5, 5, 5, 5),
    (37, '2020-07-01', 19, 19, 2200, '2021-07-01', 38, 4, 4, 3, 4),
    (38, '2021-07-02', 19, 19, 2250, '2022-07-02', 39, 3, 3, 4, 3),
    (39, '2022-07-03', 19, 19, 2300, '2023-07-03', NULL, 4, 4, 5, 4),
    (40, '2023-08-01', 20, 20, 2400, '2024-08-01', NULL, 5, 5, 5, 5),
    (41, '2020-09-01', 21, 21, 2500, '2021-09-01', 42, 4, 4, 3, 4),
    (42, '2021-09-02', 21, 21, 2550, '2022-09-02', 43, 3, 3, 4, 3),
    (43, '2022-09-03', 21, 21, 2600, '2023-09-03', NULL, 4, 4, 5, 4),
    (44, '2023-10-01', 22, 22, 2700, '2024-10-01', NULL, 5, 5, 5, 5),
    (45, '2020-11-01', 23, 23, 2800, '2021-11-01', 46, 4, 4, 3, 4),
    (46, '2021-11-02', 23, 23, 2850, '2022-11-02', 47, 3, 3, 4, 3),
    (47, '2022-11-03', 23, 23, 2900, '2023-11-03', NULL, 4, 4, 5, 4),
    (48, '2023-12-01', 24, 24, 3000, '2024-12-01', NULL, 5, 5, 5, 5),
    (49, '2020-01-01', 25, 25, 3100, '2021-01-01', 50, 4, 4, 3, 4),
    (50, '2021-01-02', 25, 25, 3150, '2022-01-02', 51, 3, 3, 4, 3),
    (51, '2022-01-03', 25, 25, 3200, '2023-01-03', NULL, 4, 4, 5, 4),
    (52, '2023-02-01', 26, 26, 3300, '2024-02-01', NULL, 5, 5, 5, 5),
    (53, '2020-03-01', 27, 27, 3400, '2021-03-01', 54, 4, 4, 3, 4),
    (54, '2021-03-02', 27, 27, 3450, '2022-03-02', 55, 3, 3, 4, 3),
    (55, '2022-03-03', 27, 27, 3500, '2023-03-03', NULL, 4, 4, 5, 4),
    (56, '2023-04-01', 28, 28, 3600, '2024-04-01', NULL, 5, 5, 5, 5),
    (57, '2020-05-01', 29, 29, 3700, '2021-05-01', 58, 4, 4, 3, 4),
    (58, '2021-05-02', 29, 29, 3750, '2022-05-02', 59, 3, 3, 4, 3),
    (59, '2022-05-03', 29, 29, 3800, '2023-05-03', NULL, 4, 4, 5, 4),
    (60, '2023-06-01', 30, 30, 3900, '2024-06-01', NULL, 5, 5, 5, 5),
    (61, '2020-07-01', 31, 31, 4000, '2021-07-01', 62, 4, 4, 3, 4),
    (62, '2021-07-02', 31, 31, 4050, '2022-07-02', 63, 3, 3, 4, 3),
    (63, '2022-07-03', 31, 31, 4100, '2023-07-03', NULL, 4, 4, 5, 4),
    (64, '2023-08-01', 32, 32, 4200, '2024-08-01', NULL, 5, 5, 5, 5),
    (65, '2020-09-01', 33, 33, 4300, '2021-09-01', 66, 4, 4, 3, 4),
    (66, '2021-09-02', 33, 33, 4350, '2022-09-02', 67, 3, 3, 4, 3);
    
INSERT INTO Publicaciones_Alquileres (Publicacion, ID_Propiedad, Fecha_Publicacion, Fecha_Alquiler, Valor_Alquiler_Pretendido, ID_Vendedor, ID_Contrato)
VALUES
    (114, 1, '2022-01-01', '2022-02-01', 1000, 2, 115),
    (115, 1, '2022-02-02', '2023-02-02', 1050, 3, 116),
    (116, 1, '2023-02-03', NULL, 1100, 4, NULL),
    (117, 2, '2022-01-01', '2022-02-01', 1100, 3, 118),
    (118, 2, '2022-02-02', '2023-02-02', 1150, 4, 119),
    (119, 2, '2023-02-03', NULL, 1200, 5, NULL),
    (120, 3, '2022-01-01', '2022-02-01', 1200, 4, 121),
    (121, 3, '2022-02-02', '2023-02-02', 1250, 5, 122),
    (122, 3, '2023-02-03', NULL, 1300, 6, NULL),
    (123, 4, '2022-01-01', '2022-02-01', 1300, 5, 124),
    (124, 4, '2022-02-02', '2023-02-02', 1350, 6, 125),
    (125, 4, '2023-02-03', NULL, 1400, 7, NULL),
    (126, 5, '2022-01-01', '2022-02-01', 1400, 6, 127),
    (127, 5, '2022-02-02', '2023-02-02', 1450, 7, 128),
    (128, 5, '2023-02-03', NULL, 1500, 8, NULL),
    (129, 6, '2022-01-01', '2022-02-01', 1500, 7, 130),
    (130, 6, '2022-02-02', '2023-02-02', 1550, 8, 131),
    (131, 6, '2023-02-03', NULL, 1600, 9, NULL),
    (132, 7, '2022-01-01', '2022-02-01', 1600, 8, 133),
    (133, 7, '2022-02-02', '2023-02-02', 1650, 9, 134),
    (134, 7, '2023-02-03', NULL, 1700, 10, NULL),
    (135, 8, '2022-01-01', '2022-02-01', 1700, 9, 136),
    (136, 8, '2022-02-02', '2023-02-02', 1750, 10, 137),
    (137, 8, '2023-02-03', NULL, 1800, 11, NULL),
    (138, 9, '2022-01-01', '2022-02-01', 1800, 10, 139),
    (139, 9, '2022-02-02', '2023-02-02', 1850, 11, 140),
    (140, 9, '2023-02-03', NULL, 1900, 12, NULL),
    (141, 10, '2022-01-01', '2022-02-01', 1900, 11, 142),
    (142, 10, '2022-02-02', '2023-02-02', 1950, 12, 143),
    (143, 10, '2023-02-03', NULL, 2000, 13, NULL),
    (144, 11, '2022-01-01', '2022-02-01', 2000, 12, 145),
    (145, 11, '2022-02-02', '2023-02-02', 2050, 13, 146),
    (146, 11, '2023-02-03', NULL, 2100, 14, NULL),
    (147, 12, '2022-01-01', '2022-02-01', 2100, 13, 148),
    (148, 12, '2022-02-02', '2023-02-02', 2150, 14, 149),
    (149, 12, '2023-02-03', NULL, 2200, 15, NULL),
    (150, 13, '2022-01-01', '2022-02-01', 2200, 14, 151),
    (151, 13, '2022-02-02', '2023-02-02', 2250, 15, 152),
    (152, 13, '2023-02-03', NULL, 2300, 16, NULL),
    (153, 14, '2022-01-01', '2022-02-01', 2300, 15, 154),
    (154, 14, '2022-02-02', '2023-02-02', 2350, 16, 155),
    (155, 14, '2023-02-03', NULL, 2400, 17, NULL),
    (156, 15, '2022-01-01', '2022-02-01', 2400, 16, 157),
    (157, 15, '2022-02-02', '2023-02-02', 2450, 17, 158),
    (158, 15, '2023-02-03', NULL, 2500, 18, NULL),
    (159, 16, '2022-01-01', '2022-02-01', 2500, 17, 160),
    (160, 16, '2022-02-02', '2023-02-02', 2550, 18, 161),
    (161, 16, '2023-02-03', NULL, 2600, 19, NULL),
    (162, 17, '2022-01-01', '2022-02-01', 2600, 18, 163),
    (163, 17, '2022-02-02', '2023-02-02', 2650, 19, 164),
    (164, 17, '2023-02-03', NULL, 2700, 20, NULL),
    (165, 18, '2022-01-01', '2022-02-01', 2700, 19, 166),
    (166, 18, '2022-02-02', '2023-02-02', 2750, 20, 167),
    (167, 18, '2023-02-03', NULL , 2800, 21, NULL),
    (168, 19, '2022-01-01', '2022-02-01', 2800, 20, 169),
    (169, 19, '2022-02-02', '2023-02-02', 2850, 21, 170),
    (170, 19, '2023-02-03', NULL, 2900, 22, NULL),
    (171, 20, '2022-01-01', '2022-02-01', 2900, 21, 172),
    (172, 20, '2022-02-02', '2023-02-02', 2950, 22, 173),
    (173, 20, '2023-02-03', NULL, 3000, 23, NULL),
    (174, 21, '2022-01-01', '2022-02-01', 3000, 22, 175),
    (175, 21, '2022-02-02', '2023-02-02', 3050, 23, 176),
    (176, 21, '2023-02-03', NULL, 3100, 24, NULL),
    (177, 22, '2022-01-01', '2022-02-01', 3100, 23, 178),
    (178, 22, '2022-02-02', '2023-02-02', 3150, 24, 179),
    (179, 22, '2023-02-03', NULL, 3200, 25, NULL),
    (180, 23, '2022-01-01', '2022-02-01', 3200, 24, 181),
    (181, 23, '2022-02-02', '2023-02-02', 3250, 25, 182),
    (182, 23, '2023-02-03', NULL, 3300, 26, NULL),
    (183, 24, '2022-01-01', '2022-02-01', 3300, 25, 184),
    (184, 24, '2022-02-02', '2023-02-02', 3350, 26, 185),
    (185, 24, '2023-02-03', NULL, 3400, 27, NULL),
    (186, 25, '2022-01-01', '2022-02-01', 3400, 26, 187),
    (187, 25, '2022-02-02', '2023-02-02', 3450, 27, 188);

